{"nVersion":1,"logoPosition":{"pinnedPosition":"BottomLeft","nWidthPct":40.72327374325148,"nHeightPct":35.06944444444444}}