{"nVersion":1,"logoPosition":{"pinnedPosition":"BottomLeft","nWidthPct":39.15510718789406,"nHeightPct":29.166666666666657}}