{"nVersion":1,"logoPosition":{"pinnedPosition":"BottomLeft","nWidthPct":61.747016062966,"nHeightPct":79.51388888888889}}