{"nVersion":1,"logoPosition":{"pinnedPosition":"BottomLeft","nWidthPct":58.737157187929775,"nHeightPct":84.02777777777779}}