{"nVersion":1,"logoPosition":{"pinnedPosition":"CenterCenter","nWidthPct":43.363267761036155,"nHeightPct":36.111111111111114}}