{"nVersion":1,"logoPosition":{"pinnedPosition":"BottomLeft","nWidthPct":49.004490164155435,"nHeightPct":48.95833333333333}}