{"nVersion":1,"logoPosition":{"pinnedPosition":"BottomLeft","nWidthPct":44.69298600436858,"nHeightPct":35.763888888888886}}