{"nVersion":1,"logoPosition":{"pinnedPosition":"BottomLeft","nWidthPct":44.82055591869767,"nHeightPct":38.19444444444445}}