{"nVersion":1,"logoPosition":{"pinnedPosition":"BottomLeft","nWidthPct":60.86387434554974,"nHeightPct":72.91666666666666}}