{"nVersion":1,"logoPosition":{"pinnedPosition":"CenterCenter","nWidthPct":53.58383540904049,"nHeightPct":65.9722222222222}}