{"nVersion":1,"logoPosition":{"pinnedPosition":"BottomLeft","nWidthPct":55.31058966871836,"nHeightPct":59.72222222222222}}