{"nVersion":1,"logoPosition":{"pinnedPosition":"BottomLeft","nWidthPct":55.11285494701076,"nHeightPct":66.66666666666667}}