{"nVersion":1,"logoPosition":{"pinnedPosition":"BottomLeft","nWidthPct":56.04268476151939,"nHeightPct":69.09722222222223}}