{"nVersion":1,"logoPosition":{"pinnedPosition":"CenterCenter","nWidthPct":55.44212043595036,"nHeightPct":64.58333333333337}}