{"nVersion":1,"logoPosition":{"pinnedPosition":"BottomLeft","nWidthPct":46.01796065662169,"nHeightPct":41.66666666666667}}