{"nVersion":1,"logoPosition":{"pinnedPosition":"CenterCenter","nWidthPct":85.88318097241324,"nHeightPct":82.30555555555554}}