{"nVersion":1,"logoPosition":{"pinnedPosition":"BottomLeft","nWidthPct":61.29340587778082,"nHeightPct":71.18055555555556}}