{"nVersion":1,"logoPosition":{"pinnedPosition":"CenterCenter","nWidthPct":62.90674957460665,"nHeightPct":78.47222222222223}}