{"nVersion":1,"logoPosition":{"pinnedPosition":"BottomLeft","nWidthPct":55.113040952054874,"nHeightPct":77.43055555555556}}