{"nVersion":1,"logoPosition":{"pinnedPosition":"BottomLeft","nWidthPct":59.411171564817344,"nHeightPct":76.73611111111111}}