{"nVersion":1,"logoPosition":{"pinnedPosition":"BottomLeft","nWidthPct":56.184484171165685,"nHeightPct":61.80555555555556}}