{"nVersion":1,"logoPosition":{"pinnedPosition":"CenterCenter","nWidthPct":57.30434421722123,"nHeightPct":61.80555555555554}}