{"nVersion":1,"logoPosition":{"pinnedPosition":"BottomLeft","nWidthPct":53.51936585011568,"nHeightPct":69.44444444444443}}