{"nVersion":1,"logoPosition":{"pinnedPosition":"BottomLeft","nWidthPct":32.11877402684705,"nHeightPct":30.902777777777786}}