{"nVersion":1,"logoPosition":{"pinnedPosition":"BottomLeft","nWidthPct":48.18784887954049,"nHeightPct":43.05555555555556}}