{"nVersion":1,"logoPosition":{"pinnedPosition":"BottomLeft","nWidthPct":60.22570989402152,"nHeightPct":71.52777777777777}}