{"nVersion":1,"logoPosition":{"pinnedPosition":"BottomLeft","nWidthPct":52.459347949195056,"nHeightPct":55.20833333333334}}