{"nVersion":1,"logoPosition":{"pinnedPosition":"BottomLeft","nWidthPct":59.62326174649757,"nHeightPct":73.95833333333333}}