{"nVersion":1,"logoPosition":{"pinnedPosition":"BottomLeft","nWidthPct":47.37831649265803,"nHeightPct":40.97222222222223}}