{"nVersion":1,"logoPosition":{"pinnedPosition":"CenterCenter","nWidthPct":47.47668108859631,"nHeightPct":39.58333333333332}}