{"nVersion":1,"logoPosition":{"pinnedPosition":"CenterCenter","nWidthPct":53.09224208558283,"nHeightPct":70.13888888888889}}