{"nVersion":1,"logoPosition":{"pinnedPosition":"BottomLeft","nWidthPct":45.42065475511495,"nHeightPct":40.27777777777778}}