{"nVersion":1,"logoPosition":{"pinnedPosition":"BottomLeft","nWidthPct":56.25170682520009,"nHeightPct":72.56944444444446}}