{"nVersion":1,"logoPosition":{"pinnedPosition":"BottomLeft","nWidthPct":52.48723819927316,"nHeightPct":57.638888888888886}}