{"nVersion":1,"logoPosition":{"pinnedPosition":"CenterCenter","nWidthPct":41.37224808934701,"nHeightPct":30.55555555555557}}