{"nVersion":1,"logoPosition":{"pinnedPosition":"CenterCenter","nWidthPct":62.36896834233136,"nHeightPct":95.83333333333334}}