{"nVersion":1,"logoPosition":{"pinnedPosition":"BottomLeft","nWidthPct":57.394491943785056,"nHeightPct":69.09722222222221}}