{"nVersion":1,"logoPosition":{"pinnedPosition":"CenterCenter","nWidthPct":78.77194401747434,"nHeightPct":40.97222222222223}}