{"nVersion":1,"logoPosition":{"pinnedPosition":"BottomLeft","nWidthPct":59.837391796780196,"nHeightPct":73.26388888888889}}