{"nVersion":1,"logoPosition":{"pinnedPosition":"BottomLeft","nWidthPct":64.36776959792897,"nHeightPct":78.47222222222221}}