{"nVersion":1,"logoPosition":{"pinnedPosition":"BottomLeft","nWidthPct":59.8223637136665,"nHeightPct":72.56944444444444}}