{"nVersion":1,"logoPosition":{"pinnedPosition":"BottomLeft","nWidthPct":52.52195825080627,"nHeightPct":61.45833333333333}}