{"nVersion":1,"logoPosition":{"pinnedPosition":"CenterCenter","nWidthPct":51.924652349299514,"nHeightPct":55.555555555555564}}