{"nVersion":1,"logoPosition":{"pinnedPosition":"BottomLeft","nWidthPct":39.127093277242935,"nHeightPct":51.34722222222223}}