{"nVersion":1,"logoPosition":{"pinnedPosition":"CenterCenter","nWidthPct":60.35514925976864,"nHeightPct":77.77777777777777}}