{"nVersion":1,"logoPosition":{"pinnedPosition":"BottomLeft","nWidthPct":48.25221099510535,"nHeightPct":45.13888888888889}}