{"nVersion":1,"logoPosition":{"pinnedPosition":"BottomLeft","nWidthPct":44.89107829338487,"nHeightPct":39.93055555555556}}