{"nVersion":1,"logoPosition":{"pinnedPosition":"BottomLeft","nWidthPct":36.92662405954211,"nHeightPct":24.652777777777786}}