{"nVersion":1,"logoPosition":{"pinnedPosition":"BottomLeft","nWidthPct":38.80349486287516,"nHeightPct":47.70833333333333}}