{"nVersion":1,"logoPosition":{"pinnedPosition":"BottomLeft","nWidthPct":54.778447212053976,"nHeightPct":64.58333333333333}}