{"nVersion":1,"logoPosition":{"pinnedPosition":"CenterCenter","nWidthPct":46.246258393333875,"nHeightPct":40.27777777777777}}