{"nVersion":1,"logoPosition":{"pinnedPosition":"BottomLeft","nWidthPct":41.77045202368484,"nHeightPct":39.583333333333336}}