{"nVersion":1,"logoPosition":{"pinnedPosition":"CenterCenter","nWidthPct":65.66268808395466,"nHeightPct":96.5277777777778}}