{"nVersion":1,"logoPosition":{"pinnedPosition":"CenterCenter","nWidthPct":56.34252892160828,"nHeightPct":69.44444444444446}}