{"nVersion":1,"logoPosition":{"pinnedPosition":"BottomLeft","nWidthPct":38.43412524758122,"nHeightPct":61.47222222222223}}