{"nVersion":1,"logoPosition":{"pinnedPosition":"BottomLeft","nWidthPct":53.010471204188484,"nHeightPct":56.59722222222222}}