{"nVersion":1,"logoPosition":{"pinnedPosition":"BottomLeft","nWidthPct":52.39051265290877,"nHeightPct":61.111111111111114}}