{"nVersion":1,"logoPosition":{"pinnedPosition":"BottomLeft","nWidthPct":55.108921706615135,"nHeightPct":63.19444444444444}}