{"nVersion":1,"logoPosition":{"pinnedPosition":"BottomLeft","nWidthPct":55.77707224452952,"nHeightPct":67.01388888888889}}