{"nVersion":1,"logoPosition":{"pinnedPosition":"BottomLeft","nWidthPct":53.092242085582846,"nHeightPct":57.29166666666666}}