{"nVersion":1,"logoPosition":{"pinnedPosition":"BottomLeft","nWidthPct":43.20443329827684,"nHeightPct":36.111111111111114}}