{"nVersion":1,"logoPosition":{"pinnedPosition":"CenterCenter","nWidthPct":36.59259259259258,"nHeightPct":59.916666666666686}}