{"nVersion":1,"logoPosition":{"pinnedPosition":"CenterCenter","nWidthPct":73.8114973402302,"nHeightPct":77.08333333333331}}