{"nVersion":1,"logoPosition":{"pinnedPosition":"BottomLeft","nWidthPct":61.455383868619045,"nHeightPct":85.06944444444444}}