{"nVersion":1,"logoPosition":{"pinnedPosition":"CenterCenter","nWidthPct":90.9744763985463,"nHeightPct":76.2777777777778}}