{"nVersion":1,"logoPosition":{"pinnedPosition":"BottomCenter","nWidthPct":56.65504274940655,"nHeightPct":74.30555555555556}}