{"nVersion":1,"logoPosition":{"pinnedPosition":"BottomLeft","nWidthPct":28.43537414965988,"nHeightPct":85.41666666666667}}