{"nVersion":1,"logoPosition":{"pinnedPosition":"BottomLeft","nWidthPct":47.277471700853894,"nHeightPct":44.44444444444444}}