{"nVersion":1,"logoPosition":{"pinnedPosition":"BottomLeft","nWidthPct":22.095529186144077,"nHeightPct":35.763888888888886}}