{"nVersion":1,"logoPosition":{"pinnedPosition":"BottomLeft","nWidthPct":30.544217687074834,"nHeightPct":68.79166666666667}}