{"nVersion":1,"logoPosition":{"pinnedPosition":"BottomLeft","nWidthPct":41.89115646258504,"nHeightPct":56.263888888888886}}