{"nVersion":1,"logoPosition":{"pinnedPosition":"BottomLeft","nWidthPct":74.65822784810126,"nHeightPct":79.72222222222223}}