{"nVersion":1,"logoPosition":{"pinnedPosition":"BottomLeft","nWidthPct":62.88220707400838,"nHeightPct":68.05555555555556}}