{"nVersion":1,"logoPosition":{"pinnedPosition":"CenterCenter","nWidthPct":53.95096947671365,"nHeightPct":67.0138888888889}}