{"nVersion":1,"logoPosition":{"pinnedPosition":"BottomLeft","nWidthPct":53.11769562188798,"nHeightPct":60.541666666666664}}