{"nVersion":1,"logoPosition":{"pinnedPosition":"BottomLeft","nWidthPct":38.609335814254514,"nHeightPct":37.15277777777778}}