{"nVersion":1,"logoPosition":{"pinnedPosition":"BottomLeft","nWidthPct":34.49545280142689,"nHeightPct":65.27777777777777}}