{"nVersion":1,"logoPosition":{"pinnedPosition":"BottomLeft","nWidthPct":29.23699356029576,"nHeightPct":56.81944444444443}}