{"nVersion":1,"logoPosition":{"pinnedPosition":"BottomCenter","nWidthPct":44.63601532567051,"nHeightPct":35.41666666666666}}