{"nVersion":1,"logoPosition":{"pinnedPosition":"BottomLeft","nWidthPct":39.12709327724294,"nHeightPct":51.611111111111114}}