{"nVersion":1,"logoPosition":{"pinnedPosition":"BottomLeft","nWidthPct":37.3902087459687,"nHeightPct":41.958333333333336}}