{"nVersion":1,"logoPosition":{"pinnedPosition":"CenterCenter","nWidthPct":62.477056609252024,"nHeightPct":84.7222222222222}}