{"nVersion":1,"logoPosition":{"pinnedPosition":"CenterCenter","nWidthPct":32.94359814586292,"nHeightPct":22.22222222222223}}