{"nVersion":1,"logoPosition":{"pinnedPosition":"BottomLeft","nWidthPct":56.55359934528741,"nHeightPct":59.72222222222223}}