{"nVersion":1,"logoPosition":{"pinnedPosition":"BottomLeft","nWidthPct":30.510204081632665,"nHeightPct":84.72222222222223}}