{"nVersion":1,"logoPosition":{"pinnedPosition":"BottomLeft","nWidthPct":54.728877679697355,"nHeightPct":64.23611111111111}}