{"nVersion":1,"logoPosition":{"pinnedPosition":"BottomLeft","nWidthPct":61.70068027210884,"nHeightPct":75.34722222222221}}