{"nVersion":1,"logoPosition":{"pinnedPosition":"BottomLeft","nWidthPct":64.83221476510067,"nHeightPct":84.72222222222221}}