{"nVersion":1,"logoPosition":{"pinnedPosition":"BottomLeft","nWidthPct":60.00000000000001,"nHeightPct":75.34722222222223}}