{"nVersion":1,"logoPosition":{"pinnedPosition":"BottomLeft","nWidthPct":52.97710541218348,"nHeightPct":59.72222222222222}}