{"nVersion":1,"logoPosition":{"pinnedPosition":"BottomLeft","nWidthPct":27.530612244897966,"nHeightPct":61.916666666666664}}