{"nVersion":1,"logoPosition":{"pinnedPosition":"BottomLeft","nWidthPct":63.68221941992435,"nHeightPct":82.63888888888889}}