{"nVersion":1,"logoPosition":{"pinnedPosition":"CenterCenter","nWidthPct":47.08860759493669,"nHeightPct":38.888888888888886}}