{"nVersion":1,"logoPosition":{"pinnedPosition":"BottomLeft","nWidthPct":44.62134653095533,"nHeightPct":43.40277777777778}}