{"nVersion":1,"logoPosition":{"pinnedPosition":"BottomLeft","nWidthPct":58.48688114341735,"nHeightPct":90.97222222222221}}