{"nVersion":1,"logoPosition":{"pinnedPosition":"BottomLeft","nWidthPct":51.85828502690987,"nHeightPct":56.59722222222222}}