{"nVersion":1,"logoPosition":{"pinnedPosition":"BottomLeft","nWidthPct":52.65469289558553,"nHeightPct":60.06944444444445}}