{"nVersion":1,"logoPosition":{"pinnedPosition":"BottomLeft","nWidthPct":66.0662143142239,"nHeightPct":83.33333333333334}}