{"nVersion":1,"logoPosition":{"pinnedPosition":"UpperCenter","nWidthPct":47.40669821318025,"nHeightPct":46.40277777777778}}