{"nVersion":1,"logoPosition":{"pinnedPosition":"CenterCenter","nWidthPct":47.53909914068976,"nHeightPct":21.47222222222223}}