{"nVersion":1,"logoPosition":{"pinnedPosition":"BottomLeft","nWidthPct":33.73266078184112,"nHeightPct":85.58333333333333}}