{
  "nVersion": 1,
  "logoPosition": {
    "pinnedPosition": "CenterCenter",
    "nWidthPct": 37.249822676500344,
    "nHeightPct": 85.74363704416638
  }
}
