{"nVersion":1,"logoPosition":{"pinnedPosition":"CenterCenter","nWidthPct":43.89420634015329,"nHeightPct":24.305555555555557}}