{"nVersion":1,"logoPosition":{"pinnedPosition":"CenterCenter","nWidthPct":53.92405063291139,"nHeightPct":66.66666666666666}}