{"nVersion":1,"logoPosition":{"pinnedPosition":"BottomLeft","nWidthPct":85.53061224489795,"nHeightPct":87.70833333333333}}