{"nVersion":1,"logoPosition":{"pinnedPosition":"BottomLeft","nWidthPct":46.48253191334917,"nHeightPct":41.31944444444444}}