{"nVersion":1,"logoPosition":{"pinnedPosition":"BottomLeft","nWidthPct":55.86380832282472,"nHeightPct":63.194444444444436}}