{"nVersion":1,"logoPosition":{"pinnedPosition":"BottomLeft","nWidthPct":28.210884353741505,"nHeightPct":49.763888888888886}}