{"nVersion":1,"logoPosition":{"pinnedPosition":"BottomLeft","nWidthPct":52.55427841634739,"nHeightPct":57.986111111111114}}