{"nVersion":1,"logoPosition":{"pinnedPosition":"BottomLeft","nWidthPct":58.22954797631515,"nHeightPct":73.95833333333333}}