{"nVersion":1,"logoPosition":{"pinnedPosition":"CenterCenter","nWidthPct":41.145305968111245,"nHeightPct":42.361111111111114}}