{"nVersion":1,"logoPosition":{"pinnedPosition":"BottomLeft","nWidthPct":34.66914852799354,"nHeightPct":48.95833333333335}}