{"nVersion":1,"logoPosition":{"pinnedPosition":"CenterCenter","nWidthPct":45.85624211853721,"nHeightPct":60.361111111111114}}