{"nVersion":1,"logoPosition":{"pinnedPosition":"BottomLeft","nWidthPct":55.577862856787114,"nHeightPct":81.59722222222221}}