{"nVersion":1,"logoPosition":{"pinnedPosition":"BottomLeft","nWidthPct":46.5044219902107,"nHeightPct":42.013888888888886}}