{"nVersion":1,"logoPosition":{"pinnedPosition":"BottomLeft","nWidthPct":39.31159800852887,"nHeightPct":38.19444444444445}}