{"nVersion":1,"logoPosition":{"pinnedPosition":"CenterCenter","nWidthPct":51.062450067959446,"nHeightPct":59.72222222222226}}