{"nVersion":1,"logoPosition":{"pinnedPosition":"BottomLeft","nWidthPct":58.16318065392553,"nHeightPct":72.22222222222223}}