{"nVersion":1,"logoPosition":{"pinnedPosition":"CenterCenter","nWidthPct":37.61904761904759,"nHeightPct":71.52777777777774}}