{"nVersion":1,"logoPosition":{"pinnedPosition":"CenterCenter","nWidthPct":48.78999222738065,"nHeightPct":40.97222222222223}}