{"nVersion":1,"logoPosition":{"pinnedPosition":"CenterCenter","nWidthPct":44.75663298531603,"nHeightPct":42.83333333333334}}