{"nVersion":1,"logoPosition":{"pinnedPosition":"CenterCenter","nWidthPct":66.12244897959184,"nHeightPct":84.36111111111111}}