{"nVersion":1,"logoPosition":{"pinnedPosition":"CenterCenter","nWidthPct":39.631535827573884,"nHeightPct":30.888888888888886}}