{"nVersion":1,"logoPosition":{"pinnedPosition":"BottomLeft","nWidthPct":56.5703649165742,"nHeightPct":67.36111111111111}}