{"nVersion":1,"logoPosition":{"pinnedPosition":"CenterCenter","nWidthPct":52.688906161376366,"nHeightPct":64.58333333333334}}