{"nVersion":1,"logoPosition":{"pinnedPosition":"CenterCenter","nWidthPct":61.62951914795286,"nHeightPct":82.98611111111111}}