{"nVersion":1,"logoPosition":{"pinnedPosition":"BottomLeft","nWidthPct":50.349834983498354,"nHeightPct":52.58333333333333}}