{"nVersion":1,"logoPosition":{"pinnedPosition":"UpperCenter","nWidthPct":22.897959183673464,"nHeightPct":62.097222222222214}}