{"nVersion":1,"logoPosition":{"pinnedPosition":"BottomLeft","nWidthPct":53.09224208558284,"nHeightPct":56.59722222222223}}