{"nVersion":1,"logoPosition":{"pinnedPosition":"CenterCenter","nWidthPct":49.867265355220724,"nHeightPct":47.916666666666686}}