{"nVersion":1,"logoPosition":{"pinnedPosition":"BottomLeft","nWidthPct":52.92016218514409,"nHeightPct":60.76388888888889}}