{"nVersion":1,"logoPosition":{"pinnedPosition":"BottomLeft","nWidthPct":46.69929617344876,"nHeightPct":39.583333333333336}}