{"nVersion":1,"logoPosition":{"pinnedPosition":"BottomLeft","nWidthPct":57.831344041977346,"nHeightPct":69.44444444444446}}