{"nVersion":1,"logoPosition":{"pinnedPosition":"CenterCenter","nWidthPct":56.45337478730332,"nHeightPct":79.86111111111111}}