{"nVersion":1,"logoPosition":{"pinnedPosition":"BottomLeft","nWidthPct":43.79746835443038,"nHeightPct":70.83333333333334}}