{"nVersion":1,"logoPosition":{"pinnedPosition":"BottomLeft","nWidthPct":34.883691529709225,"nHeightPct":73.81944444444444}}