{"nVersion":1,"logoPosition":{"pinnedPosition":"CenterCenter","nWidthPct":39.918618574459586,"nHeightPct":34.611111111111114}}