{"nVersion":1,"logoPosition":{"pinnedPosition":"BottomLeft","nWidthPct":56.9911560195786,"nHeightPct":68.40277777777777}}