{"nVersion":1,"logoPosition":{"pinnedPosition":"BottomLeft","nWidthPct":59.83606557377049,"nHeightPct":69.44444444444446}}