{"nVersion":1,"logoPosition":{"pinnedPosition":"BottomLeft","nWidthPct":45.22719156355692,"nHeightPct":38.88888888888889}}