{"nVersion":1,"logoPosition":{"pinnedPosition":"BottomLeft","nWidthPct":53.84930469859902,"nHeightPct":61.11111111111111}}