{"nVersion":1,"logoPosition":{"pinnedPosition":"BottomLeft","nWidthPct":46.96506382669833,"nHeightPct":78.81944444444444}}