{"nVersion":1,"logoPosition":{"pinnedPosition":"BottomLeft","nWidthPct":54.04840666576795,"nHeightPct":62.847222222222214}}