{"nVersion":1,"logoPosition":{"pinnedPosition":"BottomLeft","nWidthPct":57.89771136436696,"nHeightPct":86.11111111111111}}