{"nVersion":1,"logoPosition":{"pinnedPosition":"BottomLeft","nWidthPct":60.08783300322504,"nHeightPct":79.51388888888889}}