{"nVersion":1,"logoPosition":{"pinnedPosition":"BottomLeft","nWidthPct":84.13120843319741,"nHeightPct":96.18055555555556}}