{"nVersion":1,"logoPosition":{"pinnedPosition":"BottomLeft","nWidthPct":53.9820393433783,"nHeightPct":65.97222222222223}}