{"nVersion":1,"logoPosition":{"pinnedPosition":"BottomLeft","nWidthPct":39.04270739239124,"nHeightPct":75.69444444444444}}