{"nVersion":1,"logoPosition":{"pinnedPosition":"BottomLeft","nWidthPct":60.164556962025316,"nHeightPct":78.45833333333334}}