{"nVersion":1,"logoPosition":{"pinnedPosition":"BottomLeft","nWidthPct":59.430379746835435,"nHeightPct":77.43055555555556}}