{"nVersion":1,"logoPosition":{"pinnedPosition":"BottomLeft","nWidthPct":50.12771392081738,"nHeightPct":39.583333333333336}}