{"nVersion":1,"logoPosition":{"pinnedPosition":"CenterCenter","nWidthPct":53.3654235094248,"nHeightPct":79.16666666666663}}