{"nVersion":1,"logoPosition":{"pinnedPosition":"CenterCenter","nWidthPct":59.94895279709263,"nHeightPct":79.86111111111111}}