{"nVersion":1,"logoPosition":{"pinnedPosition":"BottomLeft","nWidthPct":56.70309956135348,"nHeightPct":71.52777777777777}}