{"nVersion":1,"logoPosition":{"pinnedPosition":"CenterCenter","nWidthPct":45.61975672228386,"nHeightPct":43.05555555555554}}