{"nVersion":1,"logoPosition":{"pinnedPosition":"CenterCenter","nWidthPct":47.31109383862361,"nHeightPct":42.361111111111114}}