{"nVersion":1,"logoPosition":{"pinnedPosition":"BottomLeft","nWidthPct":44.422137143212865,"nHeightPct":27.430555555555543}}