{"nVersion":1,"logoPosition":{"pinnedPosition":"BottomLeft","nWidthPct":37.4081694025904,"nHeightPct":52.93055555555556}}