{"nVersion":1,"logoPosition":{"pinnedPosition":"BottomLeft","nWidthPct":63.4616940376992,"nHeightPct":84.02777777777779}}