{"nVersion":1,"logoPosition":{"pinnedPosition":"BottomLeft","nWidthPct":52.01667962103228,"nHeightPct":55.208333333333336}}