{"nVersion":1,"logoPosition":{"pinnedPosition":"BottomLeft","nWidthPct":51.58227848101266,"nHeightPct":54.51388888888889}}