{"nVersion":1,"logoPosition":{"pinnedPosition":"BottomLeft","nWidthPct":45.93548387096774,"nHeightPct":38.19444444444444}}