{"nVersion":1,"logoPosition":{"pinnedPosition":"BottomLeft","nWidthPct":40.77494218784025,"nHeightPct":32.986111111111114}}