{"nVersion":1,"logoPosition":{"pinnedPosition":"BottomLeft","nWidthPct":51.92465234929952,"nHeightPct":53.819444444444436}}