{"nVersion":1,"logoPosition":{"pinnedPosition":"BottomLeft","nWidthPct":44.27893978202483,"nHeightPct":88.88888888888889}}