{"nVersion":1,"logoPosition":{"pinnedPosition":"BottomLeft","nWidthPct":27.346938775510196,"nHeightPct":41.66666666666667}}