{"nVersion":1,"logoPosition":{"pinnedPosition":"BottomLeft","nWidthPct":33.74000601453858,"nHeightPct":26.388888888888886}}