{"nVersion":1,"logoPosition":{"pinnedPosition":"BottomLeft","nWidthPct":48.92617449664431,"nHeightPct":60.06944444444444}}