{"nVersion":1,"logoPosition":{"pinnedPosition":"BottomLeft","nWidthPct":55.44212043595035,"nHeightPct":69.79166666666666}}