{"nVersion":1,"logoPosition":{"pinnedPosition":"CenterCenter","nWidthPct":14.01942674337603,"nHeightPct":97.91666666666666}}