{"nVersion":1,"logoPosition":{"pinnedPosition":"BottomLeft","nWidthPct":24.700680272108855,"nHeightPct":72.63888888888889}}