{"nVersion":1,"logoPosition":{"pinnedPosition":"BottomLeft","nWidthPct":52.389223606026995,"nHeightPct":56.944444444444436}}