{"nVersion":1,"logoPosition":{"pinnedPosition":"CenterCenter","nWidthPct":47.29212352622483,"nHeightPct":36.80555555555554}}