{"nVersion":1,"logoPosition":{"pinnedPosition":"BottomLeft","nWidthPct":74.70196408005728,"nHeightPct":90.27777777777777}}