{"nVersion":1,"logoPosition":{"pinnedPosition":"CenterCenter","nWidthPct":56.10579365984674,"nHeightPct":72.91666666666666}}