{"nVersion":1,"logoPosition":{"pinnedPosition":"UpperCenter","nWidthPct":52.45934794919504,"nHeightPct":64.58333333333337}}