{"nVersion":1,"logoPosition":{"pinnedPosition":"BottomLeft","nWidthPct":51.94945696699788,"nHeightPct":56.59722222222222}}