{"nVersion":1,"logoPosition":{"pinnedPosition":"CenterCenter","nWidthPct":53.32056194125158,"nHeightPct":67.36111111111111}}