{"nVersion":1,"logoPosition":{"pinnedPosition":"CenterCenter","nWidthPct":44.763729246487856,"nHeightPct":39.58333333333334}}