{"nVersion":1,"logoPosition":{"pinnedPosition":"CenterCenter","nWidthPct":54.59770114942529,"nHeightPct":72.91666666666666}}