{"nVersion":1,"logoPosition":{"pinnedPosition":"CenterCenter","nWidthPct":53.226687393651645,"nHeightPct":78.47222222222223}}