{"nVersion":1,"logoPosition":{"pinnedPosition":"BottomLeft","nWidthPct":63.64619876898515,"nHeightPct":84.02777777777779}}