{"nVersion":1,"logoPosition":{"pinnedPosition":"CenterCenter","nWidthPct":36.047619047619065,"nHeightPct":41.72222222222222}}