{"nVersion":1,"logoPosition":{"pinnedPosition":"BottomLeft","nWidthPct":56.3189294792345,"nHeightPct":70.48611111111111}}