{"nVersion":1,"logoPosition":{"pinnedPosition":"BottomLeft","nWidthPct":48.38665630317416,"nHeightPct":46.5277777777778}}