{"nVersion":1,"logoPosition":{"pinnedPosition":"BottomLeft","nWidthPct":66.06089201829248,"nHeightPct":75.69444444444446}}