{"nVersion":1,"logoPosition":{"pinnedPosition":"BottomLeft","nWidthPct":52.70886075949364,"nHeightPct":53.194444444444464}}