{"nVersion":1,"logoPosition":{"pinnedPosition":"BottomLeft","nWidthPct":52.35279289120433,"nHeightPct":49.652777777777786}}