{"nVersion":1,"logoPosition":{"pinnedPosition":"BottomLeft","nWidthPct":66.65819791979925,"nHeightPct":82.98611111111111}}