{"nVersion":1,"logoPosition":{"pinnedPosition":"BottomLeft","nWidthPct":58.295915298704806,"nHeightPct":75.69444444444446}}