{"nVersion":1,"logoPosition":{"pinnedPosition":"CenterCenter","nWidthPct":60.74589127686474,"nHeightPct":84.0277777777778}}