{"nVersion":1,"logoPosition":{"pinnedPosition":"BottomLeft","nWidthPct":54.064516129032256,"nHeightPct":70.48611111111111}}