{"nVersion":1,"logoPosition":{"pinnedPosition":"CenterCenter","nWidthPct":48.607594936708864,"nHeightPct":43.05555555555554}}