{"nVersion":1,"logoPosition":{"pinnedPosition":"BottomLeft","nWidthPct":35.443037974683534,"nHeightPct":32.638888888888886}}