{"nVersion":1,"logoPosition":{"pinnedPosition":"BottomLeft","nWidthPct":49.25170068027213,"nHeightPct":58.68055555555556}}