{"nVersion":1,"logoPosition":{"pinnedPosition":"BottomCenter","nWidthPct":46.947103170076645,"nHeightPct":44.09722222222223}}