{"nVersion":1,"logoPosition":{"pinnedPosition":"BottomLeft","nWidthPct":54.659817166895884,"nHeightPct":63.88888888888889}}