{"nVersion":1,"logoPosition":{"pinnedPosition":"BottomLeft","nWidthPct":68.05191168998164,"nHeightPct":80.55555555555556}}