{"nVersion":1,"logoPosition":{"pinnedPosition":"BottomLeft","nWidthPct":49.11097099621689,"nHeightPct":34.19444444444444}}