{"nVersion":1,"logoPosition":{"pinnedPosition":"CenterCenter","nWidthPct":47.68707482993196,"nHeightPct":43.05555555555554}}