{"nVersion":1,"logoPosition":{"pinnedPosition":"CenterCenter","nWidthPct":55.23627075351214,"nHeightPct":96.5277777777778}}