{"nVersion":1,"logoPosition":{"pinnedPosition":"BottomLeft","nWidthPct":33.06122448979592,"nHeightPct":41.31944444444444}}