{"nVersion":1,"logoPosition":{"pinnedPosition":"BottomLeft","nWidthPct":47.446906789002384,"nHeightPct":41.66666666666667}}