{"nVersion":1,"logoPosition":{"pinnedPosition":"CenterCenter","nWidthPct":45.885226011842406,"nHeightPct":36.111111111111114}}