{"nVersion":1,"logoPosition":{"pinnedPosition":"BottomLeft","nWidthPct":33.80952380952381,"nHeightPct":36.111111111111114}}