{"nVersion":1,"logoPosition":{"pinnedPosition":"BottomLeft","nWidthPct":53.45296272086822,"nHeightPct":67.36111111111111}}