{"nVersion":1,"logoPosition":{"pinnedPosition":"CenterCenter","nWidthPct":51.343000136398445,"nHeightPct":58.33333333333334}}