{"nVersion":1,"logoPosition":{"pinnedPosition":"CenterCenter","nWidthPct":63.16140133670481,"nHeightPct":93.75000000000003}}