{"nVersion":1,"logoPosition":{"pinnedPosition":"CenterCenter","nWidthPct":55.50630055923364,"nHeightPct":91.66666666666671}}