{"nVersion":1,"logoPosition":{"pinnedPosition":"BottomLeft","nWidthPct":47.0035050242137,"nHeightPct":49.166666666666664}}