{
  "nVersion": 1,
  "logoPosition": {
    "pinnedPosition": "BottomLeft",
    "nWidthPct": 70.1388888888889,
    "nHeightPct": 98.12540400775694
  }
}
