{"nVersion":1,"logoPosition":{"pinnedPosition":"BottomLeft","nWidthPct":43.22688081675849,"nHeightPct":35.06944444444446}}