{"nVersion":1,"logoPosition":{"pinnedPosition":"CenterCenter","nWidthPct":49.096774193548384,"nHeightPct":45.138888888888886}}