{"nVersion":1,"logoPosition":{"pinnedPosition":"BottomLeft","nWidthPct":54.38024327771614,"nHeightPct":60.416666666666664}}