{"nVersion":1,"logoPosition":{"pinnedPosition":"BottomLeft","nWidthPct":36.387358504269514,"nHeightPct":30.555555555555557}}