{"nVersion":1,"logoPosition":{"pinnedPosition":"BottomLeft","nWidthPct":32.55782312925169,"nHeightPct":36.94444444444445}}