{"nVersion":1,"logoPosition":{"pinnedPosition":"CenterCenter","nWidthPct":46.41616459095957,"nHeightPct":36.111111111111114}}