{"nVersion":1,"logoPosition":{"pinnedPosition":"BottomLeft","nWidthPct":44.703656998738964,"nHeightPct":38.19444444444444}}