{"nVersion":1,"logoPosition":{"pinnedPosition":"BottomLeft","nWidthPct":42.99464898383154,"nHeightPct":63.19444444444445}}