{"nVersion":1,"logoPosition":{"pinnedPosition":"BottomLeft","nWidthPct":53.764468625926945,"nHeightPct":59.72222222222223}}