{"nVersion":1,"logoPosition":{"pinnedPosition":"BottomLeft","nWidthPct":37.31535418914059,"nHeightPct":57.98611111111111}}