{"nVersion":1,"logoPosition":{"pinnedPosition":"CenterCenter","nWidthPct":22.55239274360237,"nHeightPct":86.44444444444446}}