{"nVersion":1,"logoPosition":{"pinnedPosition":"BottomLeft","nWidthPct":55.97628163227192,"nHeightPct":72.56944444444444}}