{"nVersion":1,"logoPosition":{"pinnedPosition":"BottomLeft","nWidthPct":56.01893050724052,"nHeightPct":64.93055555555554}}