{"nVersion":1,"logoPosition":{"pinnedPosition":"BottomLeft","nWidthPct":52.9374201787995,"nHeightPct":59.02777777777778}}