{"nVersion":1,"logoPosition":{"pinnedPosition":"CenterCenter","nWidthPct":54.530377801148774,"nHeightPct":70.83333333333331}}