{"nVersion":1,"logoPosition":{"pinnedPosition":"BottomLeft","nWidthPct":68.25101365715057,"nHeightPct":92.3611111111111}}