{"nVersion":1,"logoPosition":{"pinnedPosition":"CenterCenter","nWidthPct":45.599061564598344,"nHeightPct":34.02777777777777}}