{"nVersion":1,"logoPosition":{"pinnedPosition":"BottomLeft","nWidthPct":41.645569620253156,"nHeightPct":36.45833333333333}}