{"nVersion":1,"logoPosition":{"pinnedPosition":"CenterCenter","nWidthPct":46.72953765205537,"nHeightPct":35.41666666666666}}