{"nVersion":1,"logoPosition":{"pinnedPosition":"CenterCenter","nWidthPct":48.44672761103473,"nHeightPct":43.05555555555554}}