{"nVersion":1,"logoPosition":{"pinnedPosition":"CenterCenter","nWidthPct":37.4790268891355,"nHeightPct":29.722222222222236}}