{"nVersion":1,"logoPosition":{"pinnedPosition":"CenterCenter","nWidthPct":48.78999222738062,"nHeightPct":53.47222222222226}}