{"nVersion":1,"logoPosition":{"pinnedPosition":"BottomLeft","nWidthPct":52.95779677751402,"nHeightPct":57.63888888888889}}