{"nVersion":1,"logoPosition":{"pinnedPosition":"BottomLeft","nWidthPct":57.848101265822784,"nHeightPct":82.29166666666669}}