{"nVersion":1,"logoPosition":{"pinnedPosition":"BottomLeft","nWidthPct":31.544409071583374,"nHeightPct":43.05555555555556}}