{"nVersion":1,"logoPosition":{"pinnedPosition":"BottomLeft","nWidthPct":53.0264817150063,"nHeightPct":74.30555555555554}}