{"nVersion":1,"logoPosition":{"pinnedPosition":"BottomLeft","nWidthPct":49.462218767724735,"nHeightPct":48.611111111111114}}