{"nVersion":1,"logoPosition":{"pinnedPosition":"BottomLeft","nWidthPct":43.412179904627834,"nHeightPct":25.000000000000014}}