{"nVersion":1,"logoPosition":{"pinnedPosition":"CenterCenter","nWidthPct":62.758501295785294,"nHeightPct":84.02777777777777}}