{"nVersion":1,"logoPosition":{"pinnedPosition":"UpperCenter","nWidthPct":31.984328718778258,"nHeightPct":28.125000000000014}}