{"nVersion":1,"logoPosition":{"pinnedPosition":"BottomLeft","nWidthPct":62.89910600255427,"nHeightPct":81.59722222222223}}