{"nVersion":1,"logoPosition":{"pinnedPosition":"BottomLeft","nWidthPct":30.54623412345279,"nHeightPct":45.833333333333336}}