{"nVersion":1,"logoPosition":{"pinnedPosition":"BottomLeft","nWidthPct":46.07329842931937,"nHeightPct":88.54166666666667}}