{"nVersion":1,"logoPosition":{"pinnedPosition":"BottomLeft","nWidthPct":66.52546327501996,"nHeightPct":97.56944444444444}}