{"nVersion":1,"logoPosition":{"pinnedPosition":"BottomLeft","nWidthPct":20.71838847989646,"nHeightPct":49.99999999999999}}