{"nVersion":1,"logoPosition":{"pinnedPosition":"BottomLeft","nWidthPct":25.169859514687104,"nHeightPct":44.09722222222223}}