{"nVersion":1,"logoPosition":{"pinnedPosition":"CenterCenter","nWidthPct":57.26004663571621,"nHeightPct":64.58333333333331}}