{"nVersion":1,"logoPosition":{"pinnedPosition":"BottomLeft","nWidthPct":57.40506329113923,"nHeightPct":70.83333333333333}}