{"nVersion":1,"logoPosition":{"pinnedPosition":"BottomLeft","nWidthPct":55.70758972550889,"nHeightPct":66.66666666666666}}