{"nVersion":1,"logoPosition":{"pinnedPosition":"BottomLeft","nWidthPct":51.27723042665378,"nHeightPct":54.16666666666667}}