{"nVersion":1,"logoPosition":{"pinnedPosition":"UpperCenter","nWidthPct":41.798836207802,"nHeightPct":29.513888888888886}}