{"nVersion":1,"logoPosition":{"pinnedPosition":"BottomLeft","nWidthPct":65.61826239344217,"nHeightPct":69.44665569031648}}