{"nVersion":1,"logoPosition":{"pinnedPosition":"BottomLeft","nWidthPct":29.096514537808616,"nHeightPct":49.65277777777777}}