{"nVersion":1,"logoPosition":{"pinnedPosition":"BottomLeft","nWidthPct":32.47793190416141,"nHeightPct":67.01388888888889}}