{"nVersion":1,"logoPosition":{"pinnedPosition":"CenterCenter","nWidthPct":94.9777082599598,"nHeightPct":96.97222222222223}}