{"nVersion":1,"logoPosition":{"pinnedPosition":"BottomLeft","nWidthPct":40.54105931219525,"nHeightPct":54.16666666666667}}