{"nVersion":1,"logoPosition":{"pinnedPosition":"CenterCenter","nWidthPct":21.658227848101262,"nHeightPct":95.97222222222223}}