{"nVersion":1,"logoPosition":{"pinnedPosition":"BottomLeft","nWidthPct":20.045958937720627,"nHeightPct":55.208333333333336}}