{"nVersion":1,"logoPosition":{"pinnedPosition":"BottomLeft","nWidthPct":47.67714371636267,"nHeightPct":70.13888888888889}}