{"nVersion":1,"logoPosition":{"pinnedPosition":"UpperCenter","nWidthPct":39.77429010597848,"nHeightPct":33.333333333333314}}