{"nVersion":1,"logoPosition":{"pinnedPosition":"BottomLeft","nWidthPct":52.903225806451616,"nHeightPct":57.986111111111114}}