{"nVersion":1,"logoPosition":{"pinnedPosition":"BottomLeft","nWidthPct":34.61218750806222,"nHeightPct":55.33333333333333}}