{"nVersion":1,"logoPosition":{"pinnedPosition":"BottomLeft","nWidthPct":64.20260699138262,"nHeightPct":88.54166666666667}}