{"nVersion":1,"logoPosition":{"pinnedPosition":"BottomLeft","nWidthPct":54.84197218710493,"nHeightPct":94.76388888888889}}